Part_Number,Part_Description,Is it a chemical?
ab119211-1000mL,InstantBlue Coomassie Protein Stain (ISB1L),Yes
12721S,NRF2 (D1Z9C)XP Rabbit mAb,Yes
NC1797210,0.2 UM NITROCELLULOSE TRANSFER,Yes
4461146,Protein Thermal Shift Dye Kit,Yes
A9554,ACETONITRILE LC/MS OPTIMA 4L,Yes
FERR0861,DTT 5G,No
IC808196,CHAPS (5GM) 5 G,Yes
AD0059H,SURELIGHT TM ALLOPHYCOCYANIN-6HIS,Yes
BDH1172-4LP,BDH GLYCEROL POLY BTL CLR 4L F ORG SYN,Yes
IC808196,CHAPS (5GM) 5 G,Yes
NC9326704,FUNGIN 75 MG 10 MG/ML,Yes
75875-570,L-(+)-ARABINOSE PRTY gt;=98% 5328-37-0 50G,Yes
MT25900CI,TRYPAN BLUE SOLUTION 1X100ML,Yes
B1595,D-Biotin,Yes
A38915,ExpiFectamine Sf Transfection Reagent,Yes
2429S,Thioredoxin 1 (C63C6) Rabbit mAb,Yes
14190250,"DPBS, no calcium, no magnesium",Yes
367576418,Name:0566_C104W_FP    Sequence:TGG GAT GGC CAT GGA GGG CGT GAG GCG GCT    Product:25 nmole DNA Oligo    Purification:Standard Desalting    Bases:30    Notes:,Yes
97061-446,D-BIOTIN REAGENT GRADE 5G,Yes
610STDLA,HTRF Strep-Tactin-d2 - 5K pts,Yes
61DB9RDF,HTRF PPI-Europium Detect. Buf. - 220 mL,Yes
61DB11RDF,HTRF PPI Low Ionic Strength Eu DB-220mL,Yes
61DB10RDF,HTRF PPI-Terbium Detect. Buf. - 220 mL,Yes
D4641-1G,N-DODECYL B-D-MALTOSIDE,Yes
90059,"Pierce Trypsin Protease, MS Grade",Yes
MSPP-2-5010025,RESIN STREPTACTIN XT 4FLOW 2-8DEG C 50ML,Yes
NC1798224,EVERYBLOT BLOCKING BUFFR 500ML,Yes
2527S,p53 (7F5) Rabbit mAb,No
NC9028530,TRIS ACETATE,Yes
BP82031GAL,ETHANOL DENATURED,Yes
28300,CHAPS Detergent (3-((3-cholamidopropyl) dimethylammonio)-1-propanesulfonate),Yes
ab62352-100uL,Anti-Nrf2 antibody [EP1808Y],Yes
NC0555962,TRIS-ACETATE BUFFER  LARGER KD,Yes
ab134953-100uL,Anti-Ubiquitin antibody [EPR8830],Yes
E8130,"ONE-Glo(TM) EX Luciferase Assay System, 10 X 10ml",Yes
20733S,NRF2 (E5F1A) Rabbit mAb,No
15230001,Distilled Water,Yes
A3767809,ExpiSf Protein Production Kit,No
14190250,DPBS,No
NC1540596,GLOMELT THERMAL SHIFT PROTEIN,Yes
10218-874,WATER DISTILLED STERILIZED 2L,No
900912-50MG,BIOTIN PICOLYL AZIDE,Yes
AA4221622,POTASSIUM FLUORIDE ACS 100G,Yes
MA121315A488,"6x-His Tag Monoclonal Antibody (HIS.H8), Alexa Fluor 488",Yes
77447-256,PROTEIN HUMAN PNP 969 50UG,Yes
AA22903K2,TOLUENE HPLC GRD MIN 1L,Yes
29204,Pierce High Capacity NeutrAvidin Agarose,Yes
E3655025,RHELOB/ELOC/VHL/CUL2/RB 25 UG,No
16000125,LIQUINOX CLNR 1 QUART,Yes
19547215,5TH GEN QUAT 1GAL SM STRL 4/CS,Yes
86934S,MDM2 (D1V2Z) Rabbit mAb,Yes
44276S,ACAT1 Antibody,Yes
900682-4X4L,"WATER, FOR UHPLC, FOR MASS SPECTROMETRY",Yes
BDH1103-19L,BDH ACETONITRILE 19L CAN,Yes
366674278,Name:DUSP4_phos_C244A_FP    Sequence:GCG ATT CCA GTT GAG GAT AAT CAT AAA GCG GAT    Product:25 nmole DNA Oligo    Purification:Standard Desalting    Bases:33    Notes:,Yes
BP175510,IPTG DIOXANE FREE 10GR,Yes
BDH1158-4LP,BDH ALCOHOL 95% POLY 4L,Yes
PI88311,ACTIVX DESTHIOBIOTION-ATP PROB,Yes
502261541,7-METHYL-6-THIOGUANOSIN 5MG,Yes
M0494S,Q5supregsup Hot Start HighFidelity 2X Master Mix,Yes
76344-870,ATP 25G,No
G9281,"Anti-HaloTag(R) pAb, 200ug",Yes
B20340,BODIPY FL L-Cystine,Yes
366316058,Name:WIP1_D192A_FP    Sequence:GCG TCC GGT GTC GTT TTA GGA ATT CAA GAC    Product:25 nmole DNA Oligo    Purification:Standard Desalting    Bases:30    Notes:,Yes
87787,Pierce IP Lysis Buffer,Yes
EN300-35616-0.25G,EN300-35616; 0.25g; C10H8F3N3; 4-(1H-pyrazol-1-yl)-2-(trifluoromethyl)aniline; CAS: 926243-93-8; packaging: null,Yes
EN300-42743-0.25G,EN300-42743; 0.25g; C11H13F3N2O; 4-(morpholin-4-yl)-2-(trifluoromethyl)aniline; CAS: 78335-26-9; packaging: null,Yes
F2999,"Fluorescein Diphosphate, Tetraammonium Salt (FDP)",Yes
D125806-100ML,"N,N-DIISOPROPYLETHYLAMINE, REAGENTPLUS",Yes
A40006,EasyPep Mini MS Sample Prep Kit,Yes
BDH1101-19L,BDH ACETONE 19L CAN,Yes
14994S,Stat1 (D1K9Y) Rabbit mAb,No
11140050,MEM Non-Essential Amino Acids Solution (100X),Yes
26184,HA Synthetic Peptide,Yes
E1014-25KU,"BENZONASE (R) NUCLEASE, RECOMBINANT ",Yes
364630371,Name:cyp4f11-hdrt01    Sequence:/Alt-R-HDR1/C*G* CGC AGA GGG TGG ACT TTG GCT GCG GGT GGA GCC CCT GGG TGC GAA CTC ACA GGG TAG TGG ATC AGT GAG CGG CTG GAG ACT GTT CAG AAG GAT TAG CTG ACT GTC CTA CCC ACC CAC CCA CCT CTG TAG AGT CCC* A*G/Alt-R-HDR2/,No
101322-294,DIMETHYL SULFOXIDE-D6 10X0.75,Yes
5149S,DUSP4/MKP2 (D9A5) Rabbit mAb,Yes
ab216576-100uL,Anti-DUSP4 antibody [EPR19881],Yes
G9243,CellTiter-Glo(R) 2.0 Assay 500ml,Yes
101227-544,AMYLOSE RESIN,Yes
BDH1129-19L,BDH HEXANES gt;60% N-HEXANE 19L,Yes
A57756,"Zeba Micro Spin Desalting Columns, 40K MWCO, 25 Columns",No
61GSTDLA,HTRF MAb Anti GST-d2 - 5K pts,Yes
TS32129-0500,METHYL SULFOXIDE-D6 50G,Yes
77564-984,THR-PHOSPHOPEPTIDE-3 1MG,Yes
78441,"Halt Protease and Phosphatase Inhibitor Cocktail, EDTA-free (100X)",Yes
23275,Pierce Quantitative Colorimetric Peptide Assay,Yes
220025-685,"RHPTEN, CF",No
BDH0904-100ML,CHLOROFORM-[D1] (99.8% D) 100ML,Yes
15230001,DISTILLED WATER,Yes
100219-624,5M SODIUM CHLORIDE SOLUTION,Yes
A3767809,ExpiSf Protein Production Kit,Yes
11965126,"DMEM, high glucose",Yes
A38841,ExpiSf Expression System Starter Kit,No
AAJ6228814,DEOXYCHOLIC ACID SOD SLT 25G,Yes
11875119,RPMI 1640 Medium,Yes
A3767803,ExpiSf CD Medium,Yes
ab119211-1000mL,InstantBlue Coomassie Protein Stain (ISB1L),Yes
2526S,Phospho-p53 (Ser33) Antibody,Yes
76639-336,10X PBS SOLUTION PH 74 1000MLSTERIL,Yes
A40006,EasyPep Mini MS Sample Prep Kit,Yes
2946S,p21 Waf1/Cip1 (DCS60) Mouse mAb,Yes
BDH9254-500G,BDH POTASSIUM ACETATE ACS 500G,Yes
77507-288,PROTEIN WIP1 ACTIVE 10UG,Yes
364412161,Name:Hs.HC9.BMRS1779.AA    Sequence:mU*mG*mU* rUrArA rGrArA rArArA rCrUrA rGrArU rUrUrG rUrUrU rUrArG rArGrC rUrArG rArArA rUrArG rCrArA rGrUrU rArArA rArUrA rArGrG rCrUrA rGrUrC rCrGrU rUrArU rCrArA rCrUrU rGrArA rArArA rGrUrG rGrCrA rCrCrG rArGrU,No
10131035,Geneticin Selective Antibiotic (G418 Sulfate) (50 mg/mL),Yes
502383363,DIMETHYLSULFOXIDE DMSO 5 X 50,Yes
PPC2020-1ML,ReadyShield Protease  Phosphatase inhib,Yes
2504,ReBlot Plus Strong Solution 50mL,Yes
62ST1PEC,HTRF KinEASE STK S1 kit - 20K pts,Yes
8047S,KEAP1 (D6B12) Rabbit mAb,No
11360070,Sodium Pyruvate (100 mM),Yes
363461498,"Alt-R S.p. Cas9 Nuclease V3, 500 g",Yes
12721S,NRF2 (D1Z9C)XP Rabbit mAb,Yes
V8639-10MG,VO-OHPIC TRIHYDRATE,Yes
A11750,A11750 ACID OPTIMA LC/MS 50ML,Yes
11205D,Dynabeads M-280 Streptavidin,Yes
A3583401,LV-MAX Production Medium,Yes
A1113903,Blasticidin S HCl (10 mg/mL),Yes
SML2821-25MG,DIFMUP,No
89901,RIPA Lysis and Extraction Buffer,Yes
900667-4X4L,"ACETONITRILE, FOR UHPLC, FOR MASS SPECT",Yes
77559-132,PROTEIN LATS2 UNACTIVE 100UG,Yes
88845,Pierce Protein A Magnetic Beads,Yes
90053,"Pierce Asp-N Protease, MS Grade",Yes
26619,"PageRuler Plus Prestained Protein Ladder, 10 to 250 kDa",Yes
J62478.AP,"Paraformaldehyde, 4% in PBS + Mg + EGTA",Yes
Z3326590086-10MG,Z3326590086; 10mg; C8H10N2OS; Price class: Advanced; packing:  4ml amber glass vial,Yes
A3767803,ExpiSf CD Medium,Yes
361789645,Name:Hs.HC9.DBQT9493.AA    Sequence:mU*mA*mC* rArUrG rGrUrU rArUrA rGrArG rCrCrC rUrCrG rUrUrU rUrArG rArGrC rUrArG rArArA rUrArG rCrArA rGrUrU rArArA rArUrA rArGrG rCrUrA rGrUrC rCrGrU rUrArU rCrArA rCrUrU rGrArA rArArA rGrUrG rGrCrA rCrCrG rArGrU,No
A57864,"EasyPep 96 Micro MS Sample Prep Kit, 110 ug",Yes
4060S,Phospho-Akt (Ser473) (D9E) XP Rabbit mAb,Yes
A40006,EasyPep Mini MS Sample Prep Kit,Yes
ab111054-100ug,Anti-LATS2 antibody,Yes
ab307676-100uL,Anti-Strep-tag II antibody [EPR28119-43],Yes
BP175510,IPTG DIOXANE FREE 10GR,Yes
21127030,Ham's F-12K (Kaighn's) Medium,Yes
ab243657-100uL,Anti-LATS2 antibody [EPR23126-488],Yes
PA598410,CARP Polyclonal Antibody,Yes
76211-508,ZR BAC DNA MINIPREP KIT 100 PREPARATIONS,Yes
BDH1158-4LP,BDH ALCOHOL 95% POLY 4L,Yes
49114S,UHRF2 (E5G5P) Rabbit mAb,Yes
77393-098,MAGBEADS HICAP STREPTACTIN 5ML,Yes
MSPP-SP-4110,SUMOSTAR PROTEASE RECOMINANT 250 UNITS,Yes
EN300-01605-1.0G,"EN300-01605; 1.0g; C8H6ClF2NO; 2-chloro-N-(2,4-difluorophenyl)acetamide; CAS: 96980-65-3; packaging: null",Yes
9157S,Phospho-LATS1 (Ser909) Antibody,Yes
MP092780145,CRYORES TRADE 10 ML,Yes
4462263,Protein Thermal Shift Starter Kit,Yes
28358,Pierce 20X TBS Buffer,Yes
K210005,PURELINK PLASMID MIDI 50,No
361925233,Name:M13_for    Sequence:CCC AGT CAC GAC GTT GTA AAA CG    Product:25 nmole SameDay    Purification:Standard Desalting    Bases:23    Notes:,Yes
J62478.AP,"Paraformaldehyde, 4% in PBS + Mg + EGTA",Yes
900682-4X4L,"WATER, FOR UHPLC, FOR MASS SPECTROMETRY",Yes
76345-258,BLUO-GAL 1G,No
D3072-1ML,"DOXYCYCLINE HYDROCHLORIDE, READY MADE",Yes
Z3837685107-10MG,Z3837685107; 10mg; C18H22N4O3S; Price class: Functional; packing:  4ml amber glass vial,Yes
Z4097795206-10MG,Z4097795206; 10mg; C18H21N3O3; Price class: Functional; packing:  4ml amber glass vial,Yes
E2620,"Bright-Glo(TM) Luciferase Assay System, 100ml",Yes
3700S,-Actin (8H10D10) Mouse mAb,Yes
78022.1,Human Recombinant IGF-I; Size : 100 g,Yes
78446,Halt Protease and Phosphatase Inhibitor Cocktail (100X),Yes
A38915,INSECT TFXN REAGENT GIBCO 1 ML,Yes
J60015.AD,"Laemmli SDS sample buffer, reducing (4X)",Yes
Z1562154693-2MG,Z1562154693; 2mg; C11H10Cl2F3NO; Price class: Functional; packing:  96-well Matrix plate,Yes
89883,"Zeba Spin Desalting Columns, 7K MWCO, 0.5 mL",No
84868,Pierce High pH Reversed-Phase Peptide Fractionation Kit,Yes
15230147,DISTILLED WATER,No
90053,"Pierce Asp-N Protease, MS Grade",Yes
89501-620,BLEACH GERMICIDAL 121OZ,Yes
26619,"PageRuler Plus Prestained Protein Ladder, 10 to 250 kDa",Yes
11668019,Lipofectamine 2000 Transfection Reagent,Yes
94886S,WIP1 (E2X1I) Rabbit mAb,No
3863S,MOB1 Antibody,Yes
10104D,Dynabeads His-Tag Isolation and Pulldown,Yes
502100132,STREP-TACTINXT BUFFER SET,Yes
MSPP-21042025,BUFFER BXT10X STREPTACTINXT ELUTION 25ML,Yes
ab52771-100uL,Anti-YAP1 antibody [EP1674Y],Yes
ab209780-100uL,Anti-CTGF antibody [EPR20728],Yes
26183,HA Tag Monoclonal Antibody (2-2.2.14),Yes
A5670701,"Fetal Bovine Serum (FBS), Premium",Yes
A32957,Pierce Phosphatase Inhibitor Mini Tablets,Yes
A32955,"Pierce Protease Inhibitor Mini Tablets, EDTA-free",Yes
35050061,GlutaMAX Supplement,Yes
360065111,Name:nrf2-hdrt01    Sequence:/Alt-R-HDR1/C*A* AGA TCT ATA TCT TGC CTC CAA AGT ATG TCA ATC AAA TCA CTG CCA GAT CCG CTA ATC CTT CTG AAC AGT CTC CAG CCG CTC ACC ATG TGG TAT GTT TAA GAC AAA AAA AGG AAG GAG AGA GCT CAT GTT TTT* T*A/Alt-R-HDR2/    Product,No
MA527915,HA Tag Recombinant Rabbit Monoclonal Antibody (RM305),No
2524S,p53 (1C12) Mouse mAb,Yes
11901S,WIP1 (D4F7) Rabbit mAb,No
276855-100ML,"DIMETHYL SULFOXIDE, ANHYDROUS, gt;=99.9%",Yes
HT1040,Janelia Fluor(R) 585 HaloTag(R) Ligand,Yes
BDH1103-19L,BDH ACETONITRILE 19L CAN,Yes
PA597347,Phospho-MDM2 (Ser166) Polyclonal Antibody,Yes
359279516,Name:6Fwd    Sequence:ATG AAA TAG ACA TGC CTA GAC ATG CCT GAA TTA AT    Product:1 umole DNA Oligo    Purification:Standard Desalting    Bases:35    Notes:,Yes
10033-650,"UBIQUITIN-RHODAMINE, 25UG",Yes
102880-664,"E-305-025 RHUBE1, CF (25 UG)",Yes
E3650025,RHCUL4A/RBX1/DDB1/CRBN 25 UG,Yes
HT1060,Janelia Fluor(R) 646 HaloTag(R) Ligand,Yes
3936S,Ubiquitin (P4D1) Mouse mAb,Yes
100219-624,5M SODIUM CHLORIDE SOLUTION,Yes
459620-25UG,"Okadaic Acid, Sodium Salt 1PC X 25UG",Yes
48818S,p53 (DO-7) Mouse mAb,No
49114S,UHRF2 (E5G5P) Rabbit mAb,Yes
MSPP-AB1349531,ANTIBODY ANTI-UBIQUITIN EPR8830 100UL,Yes
GE28-9893-34,HILOAD 26/60 SUPERDEX 75 PG,Yes
15230147,DISTILLED WATER,Yes
10033-650,"UBIQUITIN-RHODAMINE, 25UG",Yes
A40006,EasyPep Mini MS Sample Prep Kit,Yes
50255884,SODIUM DEOXYCHOLATE,Yes
DB0261,"CellPro Sodium Acetate, 3M, pH 5.2, 100mL",Yes
PI88816,STREPTAVIDIN MAGNETIC BEAD 1ML,Yes
A41007,"Pierce Trypsin/Lys-C Protease Mix, MS Grade",Yes
16600108,McCoy's 5A (Modified) Medium,Yes
EN300-704110-0.25G,"EN300-704110; 0.25g; C8H11N3O; N-(3,4-diaminophenyl)acetamide; CAS: 60316-66-7; packaging: null",Yes
AA4052606,N-ETHYLMALEIMIDE 5G,Yes
I07415G,2-IODOACETAMIDE  FOR BIOCHE 5G,Yes
97064-926,IODOACETAMIDE PROTEOMICS GRADE 30G,Yes
B1595,D-BIOTIN 1 G,Yes
PA598410,CARP Polyclonal Antibody,Yes
9272S,Akt Antibody,Yes
EN300-1073114-0.25G,"EN300-1073114; 0.25g; C8H13N3; N4,N4-dimethylbenzene-1,2,4-triamine; CAS: 85545-58-0; packaging: null",Yes
Z147647454-2MG,Z147647454; 2mg; C16H21ClN2O3S; Price class: Functional; packing:  96-well Matrix plate,Yes
BJ71394-1L,SODIUM CHLORIDE SOL REAGENT GRADE 1M 1L,Yes
NC0777490,V5-TAG MAGNETIC BEADS 1 ML,Yes
CIAH99BC9D4D-1G,3-Acrylamidobenzoic acid,Yes
15230147,DISTILLED WATER,No
21A00J080,Bleach-Rite Disinfecting Spray 1 each,Yes
EM71205-3,ENZYME BENZONASE NUCLEASE 1KIT,Yes
45000139,GLUTATHIONE SEPHAROSE 4B 10 ML,Yes
97061-544,SODIUM TETRABORATE DEC-HYD ACS GRD 1KG,Yes
ab119211-1000mL,InstantBlue Coomassie Protein Stain (ISB1L),Yes
PA5105697,Phospho-LATS2 (Ser380) Polyclonal Antibody,Yes
BS-4082R,Phospho-LATS2 (Ser83) Polyclonal Antibody,Yes
J60766.AK,NP-40 lysis buffer,Yes
354204978,Name:p53-hdrt05    Sequence:/Alt-R-HDR1/C*T* CTT GCA GCA GCC AGA CTG CCT TCC GGG TCA CTG CCA TGC CTT CTC GCC TCG AAG AGG AAC TGA GAA GAC GCC TGA CAG AAC CCG GTA GTG GAT CAG TGA GCG GCT GGA GAC TGT TCA GAA GGA TTA GCG GAT CTG GCA GCG AGG AGC CGC AGT,No
PA5105895,"Phospho-LATS1/LATS2 (Ser909, Ser872) Polyclonal Antibody",Yes
ab52771-100uL,Anti-YAP1 antibody [EP1674Y],Yes
504400122,DISTILLED WATER 20L CUBE,Yes
A32957,Pierce Phosphatase Inhibitor Mini Tablets,Yes
BP82031GAL,ETHANOL DENATURED,Yes
A35348,LV-MAX Transfection Kit,Yes
BDH9308-500G,BDH SUCROSE CRYSTAL ACS 500GM,Yes
G7282,"Magne(TM) HaloTag(R) Beads, 20% Slurry, 5 X 1ml",Yes
BP9181,GENTAMYCIN SULFATE 1G,Yes
PA598410,CARP Polyclonal Antibody,Yes
CHM00G358,"1M Tris-HCl, pH 8.0 Solution. 1000mL, Sterile. 1 each",Yes
A12380,Alexa Fluor 568 Phalloidin,Yes
15250061,"Trypan Blue Solution, 0.4%",Yes
97061-370,GENTAMYCIN SULFATE USP GRADE 10G,Yes
3477S,LATS1 (C66B5) Rabbit mAb,No
E594050,RHHIS6-USP15 CF 50 UG,No
470352-554,JETBOIL 100G FUEL CANISTER CS 24,No
71205-3,"Benzonase Nuclease HC, Puri 25 KU",Yes
ab243657-100uL,Anti-LATS2 antibody [EPR23126-488],Yes
23209,"Pierce Bovine Serum Albumin Standard Ampules, 2 mg/mL",Yes
10103D,DB HIS-TAG ISOLATION PULLDOWN,No
E7120,"ONE-Glo(TM) + Tox Lucif and Cell Viability Assay, 10 Plate",Yes
8579T,Hippo Signaling Antibody Sampler Kit,Yes
12659-500GM,"Albumin, Bovine Serum, Fract 1PC X 500GM",Yes
28362,Pierce 10X Tris-Glycine SDS Buffer,Yes
Z3766260619-10MG,Z3766260619; 10mg; C10H17ClF2N2O3S; Price class: Functional; packing:  4ml amber glass vial,Yes
28905,"Formic Acid, LC-MS Grade",Yes
15250061,"Trypan Blue Solution, 0.4%",Yes
BDH1133-4LP,BDH PROPYL ALCOHOL 99.5% 4 L,Yes
12605028,"TrypLE Express Enzyme (1X), phenol red",Yes
900667-4X4L,"ACETONITRILE, FOR UHPLC, FOR MASS SPECT",Yes
12555881,2L WATER FOR CO2 INCUBATORS,Yes
2504,ReBlot Plus Strong Solution 50mL,Yes
97064-880,2-MERCAPTOETHANOL 250 ML,Yes
89125-188,ETHANOL 200PRF  FD TX PD 1 GAL CS4,Yes
740569.5,NucleoSpin Blood QuickPure,No
BP13414,TRIS GLYCINE SDS 10X SOL 4L,Yes
19266709,EZ BLCH EPA REGIST TABL 900/CS,Yes
90053,"Pierce Asp-N Protease, MS Grade",Yes
DB0332,"CellPro TAE  Tris Acetate EDTA, 50X",Yes
EN300-26673732-0.25G,EN300-26673732; 0.25g; C8H18ClNO4; methyl 3-[2-(2-aminoethoxy)ethoxy]propanoate hydrochloride; CAS: 2445792-37-8; packaging: null,Yes
ab119211-1000mL,InstantBlue Coomassie Protein Stain (ISB1L),Yes
76344-926,AMPICILLIN SODIUM SALT 10G,Yes
HT1060,Janelia Fluor(R) 646 HaloTag(R) Ligand,Yes
88817,Pierce Streptavidin Magnetic Beads,Yes
12605036,"TrypLE Express Enzyme (1X), phenol red",Yes
BDH7830-1,4C 0.5M EDTA PH 8.0 1L,Yes
10687010,Hygromycin B (50 mg/mL),Yes
I9278-5ML,"INSULIN SOLUTION, HUMAN RECOMBINANT ",Yes
A1113803,Puromycin Dihydrochloride,Yes
10027-510,BLEACH PURE BRIGHT 1GALLON CS6,Yes
A4766801,"Fetal Bovine Serum, MaxSpec",Yes
CHM00G351,"1M Tris-HCl, pH 7.0. 1000mL, Sterile. 1 each",Yes
I0516-5ML,INSULIN SOLUTION FROM BOVINE PANCREAS 1,Yes
89125-188,ETHANOL 200PRF  FD TX PD 1 GAL CS4,Yes
499145-100ML,"AMMONIA, CA. 7N SOLUTION IN METHANOL",Yes
A3840002,"Fetal Bovine Serum, heat inactivated, certified, One Shot, United States",Yes
100219-624,5M SODIUM CHLORIDE SOLUTION,Yes
PI77720,BOX BOND BREAKER TCEP SOLUTION,Yes
11360070,Sodium Pyruvate (100 mM),Yes
AC127790010,METHYL SULFOXIDE 1LT,Yes
ab243657-100UL,Rabbit monoclonal [EPR23126-488] to LATS2,Yes
ab272894-100UL,Rabbit polyclonal to ANKRD1,No
BDH1113-19L,BDH DICHLOROMETHANE 19L CAN,Yes
TCT1656-25G,TRIS(2-CARBOXYETHYL)PHOSPH 25G,Yes
10033-650,"UBIQUITIN-RHODAMINE, 25UG",Yes
ab119211-1000ML,InstantBlue Coomassie Protein Stain (ISB1L),Yes
B4639-1G,"BIOTIN, POWDER, BIOREAGENT, SUITABLE",Yes
BP231100,DMSO DIMETHYL SULFOXIDE 100ML,Yes
A16116,"Goat anti-Rabbit IgG Fc Secondary Antibody, HRP",Yes
Z147647764-2MG,Z147647764; 2mg; C14H15ClN2OS; Price class: Functional; packing:  96-well Matrix plate,Yes
AM9680,"Salmon Sperm DNA, sheared (10 mg/mL)",Yes
76679-216,LITHIUM CHLORIDE (POWDER) 100G,Yes
703621,LATS2 Recombinant Rabbit Monoclonal Antibody (17H14L2),No
15230253,Distilled Water Bag(s),No
5429S,p53 (7F5) Rabbit mAb (Alexa Fluor 488 Conjugate),Yes
227056-100ML,"N,N-DIMETHYLFORMAMIDE, ANHYDROUS, 99.8%",Yes
189898-4X25ML,"METHYLMAGNESIUM BROMIDE, 3.0M SOLUTION",Yes
NC0673205,2M IMIDAZOLE 1LT,Yes
703032,TAZ Recombinant Rabbit Monoclonal Antibody (7H33L24),No
BP1756500,TRIS HCL PH 7.0 500ML,Yes
PA557541,VPRBP Polyclonal Antibody,Yes
BT134900-500G,FORMIC ACID 97% 500G,Yes
BT135565-50G,HYDRAZINE MONOHYDRATE 98% 50G,Yes
EN300-146280-0.25G,EN300-146280; 0.25g; C10H9N3; 4-(pyrimidin-2-yl)aniline; CAS: 69491-57-2; packaging: null,Yes
EN300-112638-1.0G,EN300-112638; 1.0g; C7H9NO; 4-amino-2-methylphenol; CAS: 2835-96-3; packaging: null,Yes
AC7414583800-1G,2-Hydroxy-5-nitro-benzoic acid tert-butyl ester,Yes
240230-50G,"PHTHALIMIDE, 99+%",Yes
227056-100ML,"N,N-DIMETHYLFORMAMIDE, ANHYDROUS, 99.8%",Yes
109681-100G,"N-CHLOROSUCCINIMIDE, 98+%",Yes
270997-100ML,"DICHLOROMETHANE, ANHYDROUS, gt;=99.8%, CO",Yes
ab137031-100UL,Rabbit monoclonal [EPR8589] to Ubiquitin,Yes
ab198464-100UG,Recombinant human HAUSP / USP7 protein,Yes
ab8365-100UG,Mouse monoclonal [ep190b] to HIF-2-alpha,Yes
ab224943-100UL,Alexa Fluor 488 Rabbit monoclonal [E26] to p53,Yes
ab76431-100UL,Rabbit monoclonal [EP2138Y] to PTEN (phospho S380),Yes
ab32199-100UL,Rabbit monoclonal [Y184] to PTEN,Yes
ab224942-100UL,Alexa Fluor 647 Rabbit monoclonal [E26] to p53,Yes
ab259398-10UG,Recombinant human EGF protein (Active),Yes
ab181616-100UL,Rabbit monoclonal [EPR17512] to Rb,No
ab243657-100UL,Rabbit monoclonal [EPR23126-488] to LATS2,No
2527S,p53 (7F5) Rabbit mAb,No
ab200708-100UL,Rabbit monoclonal [EPR19684] to DUSP5,Yes
273031-100G,"3-CHLOROPERBENZOIC ACID, lt;=70%",Yes
12605028,"TrypLEamp;amp;trade; Express Enzyme (1X), phenol red",Yes
22880-100ML,CHLOROACETYL CHLORIDE,Yes
48818S,p53 (DO-7) Mouse mAb,No
461350-25G,"1-BOC-4-PIPERIDONE, 98%",Yes
BDH1103-19L,BDH ACETONITRILE 19L CAN,Yes
97065-030,ACETONE ACS GRADE 500 ML,Yes
R0861,DTT (dithiothreitol),Yes
526304-5G,"CYANOBOROHYDRIDE, POLYMER SUPPORTED, MA",Yes
14228-062,RACK 80+60 WELLS ASSORTED CS10,No
1443222,15-100-151 CAP GRAD 500/CS,No
14222251,TBE CAP .2 PCR 8STRP CLR 125PK,No
140685,"6 Well Plate, TC Surface, Bulk Pack of 5",No
17005873,Pipette Tips SS LTS 20L 960A/5,No
720083,PLATE 6-WELL TC 50/CS,No
NC1964632,CENT TUBE PP 10ML STER,No
553853,TUBE W/CAP STER 250ML 102/CS,No
89808,"Zeba Spin Desalting Plates, 7K MWCO",No
337421,CRYOGVIAL SS 2ML 500/CS,No
7000100,96W M200PLT PS FB MB CLR 40/CS,No
89094-662,VWR BASIN PS 25ML ST CS200,No
1443222,15-100-151 CAP GRAD 500/CS,No
14955135,FB 2ML ASPIRATING PIPET 200/PK,No
553863,CUSION EX F/05-538-6162 8/CS,No
TL33,"Cell Culture Flasks, Vent Cap, Non-Treated, Sterile",No
60873-012,RACK 80 PL YELLOW CS10,No
17005861,Pipette Tips SR LTS 20L S 960A/5,No
NC1688676,SH800 SORTING CHIP 130UM 40/PK,No
50201974,CELL SCRAPER 25CM HANDLE,No
NC1772273,5.75 PP PASTEUR PIPET  200/CS,No
552790,CENT TUBE 15ML W/CAP 500/CS,No
22431081,"Protein LoBind Tubes snap cap, Protein LoBind, 1.5 mL PCR clean, colorless, 100 tubes (2 bags  50 tubes)",No
A57865,Peptide Clean-up Plate,Yes
NC0694198,OPTIMUM GROWTH FLASK 125ML,No
502388149,LB AGAR PLATES WITH CARBENICIL,Yes
7000066,384W PLT SV HI PS MB WHT 40CS,No
502384710,SKMEL24 MALIGNANT MELANOMA HUM,No
NC2960954,BAMBANKER CELL FREEZING 100ML,No
149591A,5MLTBE PS\12X75\STR\SNAP 500CS,No
PCRF-8-CAP,"8-Strip Flat Caps, Optically-Clear for qPCR, Use with PCR tubes or PCR plates, 125 strips of 8",No
UFC901024,AMICN ULTRA CNTRFUGL 15ML 24PK,No
UFC903096,AMCN ULTRA CNTRFGL 15ML 4PK/CS,No
503205,"Sharpie Permanent Marker, Fine Tip, Silver Metallic, Dozen (39100)",No
NC1618224,2000 ASSAYS - 200UL OF 200X GL,Yes
14830115B,18 GAL SHARPS CONTAINER 5/CS,No
7000076,384W PS ST TC WHT/CLR LD 32/CS,No
77443-346,AGAR LB KAN-50 PLATES,Yes
333630,M-T VIAL FILE F/40-VIALS 6/CS,No
136102,"96 Well White Plate, TC Surface, Bulk 10 Pack",No
501120006,FLASK OPT GROWTH 2.8L 6/CS,No
NC0768461,OPTIMUM GROWTH FLASK 1.6L,No
88302,Pierce Graphite Spin Columns,Yes
A57865,Peptide Clean-up Plate,Yes
76420-862,HIGH THROUGHPUT NMR SAMPLETUBE 5MM PK100,No
MDRLN0410,MScn Dp Well Solv. 0.4 um Philic NS 10PK,Yes
SP202-A-CS,"CellPro Aspirating Pipet, 2mL",No
502336010,CELLPRO 50L BOTLE TP FILTR PES,No
CLS1395250-1EA,PYREX(R) ROUND MEDIA STORAGE BOTTLES AN,No
10027-446,CELL COUNTING CHAMBER SLIDES E1020 PK50,No
501120006,FLASK OPT GROWTH 2.8L 6/CS,No
6318,"150 ml, 100 Reservoirs, Bulk, Sterile, Auto Friendly, Polystyrene",No
0334125L,VIAL SCINT 20ML GLASS 500/CS,Yes
17003024,Magnetic Hang-Up w/Adhesive Disk HU-M3,No
232698,"Nunc Sealing Tapes, Aluminum Acrylate, 96 well plates",Yes
89807,"Zeba Spin Desalting Plates, 7K MWCO",No
24A00C351,"Combinatorial Microlute plate, unpacked with bottom frits.Mean pore size 36 um polyethylene 1 each",Yes
FB12566504,FILTER PES 500ML 75MM 0.2UM,No
4912L12,Pyrex Fernbach Culture Flasks 6 case,No
SP202-A,"CellPro Aspirating Pipet, 2mL",No
76327-216,VWR LTS TIP RK FT LR STERILE 1.2ML PK768,No
1402-4700,"0.2 mL PCR 8-tube FLEX-FREE strip, attached clear flat caps, natural -",No
3724,"125 l GRIPTIPS, Sterile, 10 ECO Racks of 384 Tips",No
13131003,2IN HINGED CRYOFREZEBOX PURPLE,No
SP205-CS,"CellPro Serological Pipets, Individually Wrapped, Sterile",No
10361012,MAX Efficiency DH10Bac Competent Cells,No
76808-396,FLASK W VENT CAP 1.6L STERILE CS12,No
337421,CRYOGVIAL SS 2ML 500/CS,No
4115-1000,"1000mL Erlenmeyer (Shaker) Flask, Single-Use PETG, Plain Bottom, Filter Cap, Case of 6",No
22653121,"Rotor F-45-32-5-PCR For Centrifuge 5424/5424R Max. speed: 18615  g (15,000 rpm)",No
12111387,250ULXTIP4 TIPEJECT RLOAD960PK,No
77508-570,FLASK 75CM VENT NON-TC STR 250ML CS100,No
55406,CULT TUBE-STER 17X100MM 500/CS,No
501120006,FLASK OPT GROWTH 2.8L 6/CS,No
24528568,"Apple Magic Keyboard with Touch ID and Numeric Keypad Wireless, Silver/Black Keys (MMMR3LL/A)",No
80077-232,TUBES PROTEI LOBND 1.5ML PK100,Yes
720083,PLATE 6-WELL TC 50/CS,No
76808-398,FLASK W VENT CAP 2.8L STERILE CS6,No
BAH136800040-50EA,"FLOWMI(R) CELL STRAINERS, 40 UM, FOR 10",No
10027-446,CELL COUNTING CHAMBER SLIDES E1020 PK50,No
1480968,RACK UNWIRE ACETAL RED 30MM,No
10040-450,VWR FILTER CUP PES 50MM 0.45U 250ML CS24,No
2724589,"APC Back UPS Pro Battery Backup and Surge Protector, Compact Tower, 1500VA, AVR, LCD, 120V, Black (BX1500M)",No
TV0075,"ASI Cell Culture Flask Vented Cap, TC Treated",No
76327-216,VWR LTS TIP RK FT LR STERILE 1.2ML PK768,No
4115-0125,"125mL Erlenmeyer (Shaker) Flask, Single-Use PETG, Plain Bottom, Filter Cap, Case of 24",No
14830115B,18 GAL SHARPS CONTAINER 5/CS,No
502236488,VACT RD XL 44L PP BIN 14ID,No
414004-265,VWR PIPET ASPIRATING 2ML CS200,No
14222251,TBE CAP .2 PCR 8STRP CLR 125PK,No
E3651,pGL4.38[luc2P/p53 RE/Hygro] Vector,No
4907K30,LARGE POLYCARBONATE ERLENMEYER FLASKS 6 case,No
167008,"96 Well Plate, TC Surface, Pack of 1",No
17005875,Pipette Tips SS LTS 250L 960A/5,No
30389250,Pipette Tips RT LTS 250L LSW 960A/10,No
066661A,KIMWIPES DISP 12X12 198/PK,No
6534,"300 l GRIPTIPS, Sterile 5 Racks of 96 Tips, Low Retention",No
77508-566,FLASK 75CM TC VENT STR 250ML CS100,No
NC1772267,5ML SEROLOGICAL PIPET 400/CS,No
60941-126,VWR FOIL-96 ONE TAB NS CS100,No
101724-730,"MICROPLATE FOIL, 384 WELL",Yes
673116,"Thermo Scientific Nalgene 295-4545 Bottletop Filters, 0.45um PES, 500 mL; 12/Pk",No
1480968,RACK UNWIRE ACETAL RED 30MM,No
502335987,1.5ML MICROCENTIFUGE TBE CLEAR,Yes
4619X32,"Bottle Top Filter, 500ml, 45mm, .2um, Ny, S, Ind, Cs 12 12 case",No
7000072,384W PS ST TC BLK/CLR LID 32CS,No
82051-320,PLATE 384 DEEP WELL CLEAR CS60,No
1381236,FORCEP TISSUE 12 TEETH 5-1/2F,No
23A00R191,"Flask, Erlenmeyer, 500ml, PETG, flat bottom w / vented screw cap, Sterile, indiv wrapped, 12/CS 12 case",Yes
20A00F831,ali-Q 2 Aliquoting Pipet Controllers 1 each,No
10820-450,CAP FOR NARROW MOUTH CARBOY 83 MM,No
76322-532,RELOAD NON-FILTERED STERILE 250UL,No
AB0765,Abgene 96 Well 0.8mL Polypropylene DeepWell Sample Processing  Storage Plate for Genomics and NGS library preparation,No
22364111,"Flex-Tube 1.5 mL Eppendorf Quality, colorless, 500 pcs.",No
440345-100G,"GLASS SPHERES, HOLLOW",No
NC1964632,CENT TUBE PP 10ML STER,No
NC1666704,GREEN STICKY SQUARES MULTITRON,No
76337-380,VWR RACK 96 PLACE ASSORTED W O LID PK5,No
959797,"Scotch-Brite Heavy Duty Sponge with Scrubber, Green/Yellow, 6 Sponges/Pack (426)",No
MMM6504,"Scotch-Brite Dishwand, 1Each, Plastic, Green, Yellow",No
25384-342,VWR PETRI DISH 100X15MM CS 500,No
73520-990,FILTER UNIT STERILE PES 90MM 0.5L CS12,No
165305,"96 Well Black/Clear Bottom Plate, TC Surface",No
76337-374,VWR FREEZER RACK WITH LID BLUE PK2,No
470019-572,PRIMUS LAB BURNER,No
AB0718,Adhesive Plate Seals,No
249946,"Nunc 96-Well Polypropylene MicroWell Plates, V bottom, natural, sterile",No
10216-886,SPRAY BOTTLE 1000ML,No
76337-380,VWR RACK 96 PLACE ASSORTED W O LID PK5,No
76290-388,SYRINGE LUER LOCK ST 50-60MLBX25 26300,No
14830115B,18 GAL SHARPS CONTAINER 5/CS,No
103458-846,SPRAY BOTTLE ETHANOL 70% GHS EMPTY 16 OZ,Yes
75805-476,EZWASTE CONTAINER SECY 1L-10L CARBOY,Yes
13915-169,BEAKER GRIFFIN LF PP 2000ML,No
08670C,DIALYSISTUBING SP1 8K 40MM 30M,No
4317,"25 ml Disposable Reservoirs, 200 Bulk, Sterile, Polypropylene",No
3825,"125 L GRIPTIPS, Sterile, Filter, 10 ECO Racks of 384 Tips, Low Retention",No
3452575,VIAL 0.2ML AMBER TPX SCREW 9MM,Yes
66011-085,VWR VIAL 2DRAM BOROSILCT PK144,Yes
AAJ62338-EQF,LB AGAR PLA W 50UG ML 20PLATES,Yes
360992320,CUBE TUBE RACK,No
NC1804308,GRAVITY FLOW COLUMNS FRIT 30ML,No
10820-438,CAP FILLING VENTING 83 MM,No
22364111,"Flex-Tube 1.5 mL Eppendorf Quality, colorless, 500 pcs.",No
